{"cameraMode":{"drawMode":0,"name":"Shaded","section":"Shading Mode"},"sceneLighting":true,"audioPlay":false,"sceneViewState":{"m_AlwaysRefresh":false,"showFog":true,"showSkybox":true,"showFlares":true,"showImageEffects":true,"showParticleSystems":true,"showVisualEffectGraphs":true,"m_FxEnabled":false},"in2DMode":false,"pivot":{"x":-9.418304443359375,"y":0.25197088718414309,"z":0.7311835885047913},"rotation":{"x":-0.05967066064476967,"y":-0.1411716341972351,"z":0.008508322760462761,"w":-0.988175630569458},"size":11.234847068786621,"orthographic":false}